salt,hashedPass,empID
Cl70SSe2ZM1cTCf6dT,2e760774bc8915c749119147f518f56f1329fcd68782ac7d3096533760ea55595098365e70c4ecca41d88d93ae5e0bdaf18a2a3a741b026e0f444bfe9398d7bd,69
JB2W2l0gXp2G6poPwI,-4d2bce812dfcd06ffa229ef53bac7095bd6969bfd506345d0dc8c74941b57205b5046a40bea88956be770af8234167e1b2bb57876962911f475e020c55a79489,70
SGxjYoDWP5mpOOb5eO,-2d2da1ac38a81eaba4856b5224963cb3d820af274ef2606cda49c1e6729b19b8abe69e0cc17c250ee0149c9831bd85f542f2ab9d745805e1d2cc3a884e906bdb,96
HpySqyQCex8pKM3PYP,-312c6cf76578c2b7acf0fe119f525d696925d53cbe8502786747dc6d67a1812752c245006484a08b5d884d82e4b84e2c8f5092b07ed67f5af7cfd3aef11c4e1e,123
2RVkY9sjmmuJStIYLQ,3691489eb7fb0ac2400a7308850f1cef3c1ccca3644d84bf016101d9e68a882ca60382ba038152936537bfd24129dabd6638d8080d34f6b357941a1dec265a5f,420
dbBEj1ivzXf4PDZQUU,6a8859da2ae4257158eadc04663236a1008ca0a3d61435231a74c3d094b0e342353aa27f31ec838b4ea395069610d451c9a2597a255c0ae671a38e093c26cd02,456
J9bb0DldlXeDs1vJzM,2da27c4aa9955443bcd00acbd7bc159d4e8625c3c525a46f7a83865370bab9379661eefb234671c867e6431485478ecb506f99f9f16d7d5557478980efde0837,666
BnpC9msMmyx2otUJXy,-177febd2abfab7d0ce67eb1af24ea560dbde3cf4243ef0eaa488133ee78e738c48ca4429713694b95b75ff9f264ea8489b1b57c0e9f9774fed22e4b97b7e16eb,777
SafjyvPj1qPdee2guo,-bd7aacd025f6fcfc0cd9789b6d37632841a873c8fe176d6a40d2759a0d6d9c8dc9b8bbd55f734488c3b32db7eadc0982fd97b98605984b88294cc089c4ef20d,888
UgzPb9SuXWFveZsTZY,-29b41c49e1339c2ea93e2ec350480e438dc6d42df4ce9f6a2a9c702a966f1d05f9e0fd3f7711bbf9e509ce256c332293afe1fe1f94bcc366628d65c676a719fc,999
